<?xml version="1.0" encoding="UTF-8"?>
<beans xmlns="http://www.springframework.org/schema/beans"
	   xmlns:context="http://www.springframework.org/schema/context"
	   xmlns:mvc="http://www.springframework.org/schema/mvc"
	   xmlns:xsi="http://www.w3.org/2001/XMLSchema-instance"
	   xsi:schemaLocation="
        http://www.springframework.org/schema/beans
        http://www.springframework.org/schema/beans/spring-beans-3.0.xsd
        http://www.springframework.org/schema/context
        http://www.springframework.org/schema/context/spring-context-3.0.xsd
        http://www.springframework.org/schema/mvc
        http://www.springframework.org/schema/mvc/spring-mvc-3.0.xsd">

    <mvc:annotation-driven />
    <context:component-scan base-package="Controllers" />
    <bean id="viewResolver"
          class="org.springframework.web.servlet.view.InternalResourceViewResolver">
        <property name="prefix">
                <value>/WEB-INF/pages/</value>
        </property>
        <property name="suffix">
            <value>.jsp</value>
        </property>
    </bean>

    <!--<bean class="org.springframework.web.servlet.mvc.support.ControllerClassNameHandlerMapping">-->
    <!--</bean>-->
    <!--<bean id="urlMapping"-->

          <!--class="org.springframework.web.servlet.handler.SimpleUrlHandlerMapping">-->

        <!--<property name="interceptors">-->

            <!--<list>-->

                <!--<ref local="localeChangeInterceptor"/>-->

            <!--</list>-->

        <!--</property>-->

        <!--<property name="urlMap">-->

            <!--<map>-->
                <!--<entry key="/index">-->
                    <!--<ref bean="abstractController"/>-->
                <!--</entry>-->


            <!--</map>-->

        <!--</property>-->

    <!--</bean>-->

    <!--<bean id="abstractController" class="Controllers.StudentController"></bean>-->
    <!--<bean id="localeChangeInterceptor" class=-->
            <!--"org.springframework.web.servlet.i18n.LocaleChangeInterceptor"/>-->
    <!--<bean id="localeResolver" class="org.springframework.web.servlet.i18n.SessionLocaleResolver"/>-->

    <!--//////////// mapping for multicontroller /////////////-->
    <!--<bean class="org.springframework.web.servlet.handler.BeanNameUrlHandlerMapping"/>-->
    <!--<bean name="/index" class="Controllers.StudentController2" />-->
    <!--<bean name="/index/*" class="Controllers.StudentController2" />-->

</beans>


