<?xml version="1.0" encoding="UTF-8"?>
<project-private xmlns="http://www.netbeans.org/ns/project-private/1">
    <editor-bookmarks xmlns="http://www.netbeans.org/ns/editor-bookmarks/2" lastBookmarkId="0"/>
    <open-files xmlns="http://www.netbeans.org/ns/projectui-open-files/2">
        <group>
            <file>file:/C:/Users/sahil%20verma/Documents/NetBeansProjects/corejava/src/test1.java</file>
            <file>file:/C:/Users/sahil%20verma/Documents/NetBeansProjects/corejava/src/test10.java</file>
            <file>file:/C:/Users/sahil%20verma/Documents/NetBeansProjects/corejava/src/test9.java</file>
            <file>file:/C:/Users/sahil%20verma/Documents/NetBeansProjects/corejava/src/test7.java</file>
            <file>file:/C:/Users/sahil%20verma/Documents/NetBeansProjects/corejava/src/test11.java</file>
            <file>file:/C:/Users/sahil%20verma/Documents/NetBeansProjects/corejava/src/test12.java</file>
            <file>file:/C:/Users/sahil%20verma/Documents/NetBeansProjects/corejava/src/test2.java</file>
        </group>
    </open-files>
</project-private>
