<?xml version="1.0" encoding="UTF-8"?>
<project-private xmlns="http://www.netbeans.org/ns/project-private/1">
    <editor-bookmarks xmlns="http://www.netbeans.org/ns/editor-bookmarks/2" lastBookmarkId="0"/>
    <open-files xmlns="http://www.netbeans.org/ns/projectui-open-files/2">
        <group>
            <file>file:/C:/Users/sahil%20verma/Documents/NetBeansProjects/collection/src/Test8.java</file>
            <file>file:/C:/Users/sahil%20verma/Documents/NetBeansProjects/collection/src/Employee.java</file>
            <file>file:/C:/Users/sahil%20verma/Documents/NetBeansProjects/collection/src/stack.java</file>
            <file>file:/C:/Users/sahil%20verma/Documents/NetBeansProjects/collection/src/stack1.java</file>
            <file>file:/C:/Users/sahil%20verma/Documents/NetBeansProjects/collection/src/Test9.java</file>
            <file>file:/C:/Users/sahil%20verma/Documents/NetBeansProjects/collection/src/Test1.java</file>
            <file>file:/C:/Users/sahil%20verma/Documents/NetBeansProjects/collection/src/Test06.java</file>
            <file>file:/C:/Users/sahil%20verma/Documents/NetBeansProjects/collection/src/Test6.java</file>
            <file>file:/C:/Users/sahil%20verma/Documents/NetBeansProjects/collection/src/Test2.java</file>
            <file>file:/C:/Users/sahil%20verma/Documents/NetBeansProjects/collection/src/Test7.java</file>
            <file>file:/C:/Users/sahil%20verma/Documents/NetBeansProjects/collection/src/Test3.java</file>
            <file>file:/C:/Users/sahil%20verma/Documents/NetBeansProjects/collection/src/Student.java</file>
        </group>
    </open-files>
</project-private>
